Juicer,XQC,,,,,,
Samurai Cat 2,Japanese Text,Cat,,,,,
Pride,Pride,Purple Cat,,,,,
Atiesh,Warcraft,,,,,,
Little Witch,VR Avatar,Purple Cat,Shovel,,,,
Monke,Monkey,,,,,,
Escape From Cringe,VR Avatar,Tarkov,Cringe,,,,
Tongue out,VR Avatar,Sodapoppin Text,,,,,
Insane head,VR Avatar,Sodapoppin Text,,,,,
Nyan,Catperson,VR Avatar,,,,,
Baseball,VR Avatar,Japanese Text,Baseball,,,,
Japanese Text,Japanese Text,Donk,,,,,
Frostfire Fight,Purple Cat,Dark Souls,,,,,
Fighting Game,VR Avatar,Purple Cat,,,,,
sodaJ,Japanese Text,Chance,Pyah,,,,
(charity) Reckful - Everland,Reckful,Charity,,,,,
Weeb Kart,Kart,VR Avatar,,,,,
Pink Knight,VR Avatar,Fate Series,Sodapoppin Text,,,,
Frog Dragon,Pepe,Purple Cat,Dragon,,,,
Cringe Time,Adventure Time,Chance,Purple Cat,,,,
No elp,Purple Cat,Elp,,,,,
"Fat, Stupid, Ugly, Me",Text Only,Simple,,,,,
CRINGE,Cringe,Text Only,,,,,
"Silence, you fool",Purple Cat,,,,,,
BOOP 2,Cat,Boop,,,,,
Shirt :),Smile,Simple,,,,,
(charity) Vigor x Habi - The Creation,Vigors,Charity,,,,,
Sushi Cat,Cat,Food,,,,,
Link Cat,Legend of Zelda,Purple Cat,,,,,
I MADE IT COOLER,Wicked,Pepe,,,,,
KomodoHype,Wine,Pogchamp,,,,,
Retropoppin,VR Avatar,Car,Smoking,Japanese Text,Vaporwave,,
Wizard Cat,Wizard,Purple Cat,,,,,
D20 Dice Cat,D20,Purple Cat,,,,,
Spray Bottle Cat,Cat,Simple,,,,,
Sunset island,Cat,Sunset,,,,,
Alley Cat,VR Avatar,Purple Cat,Smoking,Raining,,,
Bench,Purple Cat,Duck,Reckful,,,,
Lucky D20 Dice,D20,Simple,,,,,
(charity) Reckful Hoodie by Nixri,Reckful,Charity,,,,,
Galaxy Cat,Purple Cat,Space,,,,,
Sadge Kart,Kart,Sadge,,,,,
Smoking girl in blue,VR Avatar,Smoking,,,,,
ah sh*t uhh with anaglyph,VR Avatar,Smoking,Japanese Text,,,,
ah sh*t uhh,VR Avatar,Smoking,Japanese Text,,,,
Buddy pocket,Dog,Buddy,,,,,
Catgiraffe,Christmas,Cat,Giraffe,,,,
Thinking,Hmmm,Simple,,,,,
Sub Jacket,Purple Cat,Sodapoppin Text,,,,,
Line art black,VR Avatar,Smoking,,,,,
My Little Pogchamp,Text Only,Pogchamp,,,,,
Cat Planet,Purple Cat,Space,,,,,
Fancy Donk,Donk,,,,,,
Hunter Cat,Purple Cat,Risk of Rain,,,,,
Birthday Cat,Cat,Birthday,,,,,
Whipaloo Vineyards,GTA,Wine,,,,,
Creepy,VR Avatar,Japanese Text,,,,,
Meow Champ Dark,Text Only,,,,,,
Crying sodaG,Giraffe,,,,,,
Koi,Fish,,,,,,
Soda and Viggy,VR Avatar,Vigors,Japanese Text,,,,
Giraffe Planet,Giraffe,Space,,,,,
widepepOMEGAKEKHappyChampHands,Purple Cat,,,,,,
CRINGE TV,Cringe,Text Only,,,,,
Burger Shot,GTA,Food,,,,,
Screaming Cat,Purple Cat,,,,,,
Wicked Drift,Car,Purple Cat,Wicked,,,,
Shadow Cat,Cat,,,,,,
Banana Penguin,Penguin,,,,,,
Femwrath,Flamewrath,Dog,Wizard,,,,
Duskwood,Warcraft,,,,,,
Happy Friday!,Cat,Halloween,,,,,
Heartbeat Cat,Cat,Simple,,,,,
Trippy,Cat,Simple,,,,,
(charity) Reckful Tribute by Nixri,Charity,Reckful,,,,,
Logging Off,Pepe,Shower,,,,,
Sad Frogs,Sadge,Pokemon,Legend of Zelda,Mario,,,
(charity) Reckful - Lamar,Charity,Reckful,,,,,
WICKED,Purple Cat,Wicked,,,,,
Elements,Cat,Elements,,,,,
MYAAA,Cat,Shoes,,,,,
Elements 2,Cat,Elements,,,,,
Me neither,Sadge,,,,,,
Melting Ice Cream,Purple Cat,Food,,,,,
I'm so cool,VR Avatar,Smoking,,,,,
Claw,Sodapoppin Text,Text Only,,,,,
Smoking girl,VR Avatar,Smoking,,,,,
Use the shovel,Shovel,Donk,,,,,
I'm so cute (no text),VR Avatar,Japanese Text,,,,,
I'M SO CUTE (text),VR Avatar,Japanese Text,,,,,
Sodapuppy,Chance,Dog,Buddy,,,,
Finn pocket,Finn,Cat,,,,,
Holiday donk,Christmas,Donk,,,,,
(charity) Vigor x Clicks,Vigors,Charity,,,,,
(charity) Vigor x Turki,Vigors,Charity,,,,,
(charity) Vigor x Grem,Vigors,Charity,,,,,
(charity) Vigor x Silva,Vigors,Charity,,,,,
LOSER!,VR Avatar,,,,,,
"So fine, red wine.",VR Avatar,Wine,,,,,
Watching Soda,Christmas,Pepe,,,,,
Christmas Buddy,Buddy,Dog,Christmas,,,,
Smoking Teen,VR Avatar,Smoking,,,,,
Fireball,Dragon,Donk,Wine,,,,
(charity) Vigor x Quortknee,Vigors,Charity,,,,,
Scribbles,Abstract,,,,,,
10.000,Sodapoppin Text,,,,,,
BOOP,Boop,Cat,,,,,
Flamewrath Mustache,Japanese Text,Flamewrath,Wizard,,,,
Flamewrath,Flamewrath,Wizard,,,,,
Goth Avatar,VR Avatar,,,,,,
Definition,Text Only,,,,,,
Line art white,VR Avatar,Smoking,,,,,
Hazmat,Pepe,,,,,,
popCat ,VR Avatar,Cat,,,,,
Handsome.,Purple Cat,,,,,,
WTR = Way Too Rich,Money,,,,,,
Sleeping Kevin,Dog,Kevin,,,,,
Beretpoppin,VR Avatar,Smoking,,,,,
Red Soda (for dark colors),VR Avatar,Smoking,Japanese Text,,,,
Baka.,VR Avatar,Purple Cat,,,,,
Cat on a boat,Purple Cat,Pirate,Boat,,,,
Red Soda (for light colors),VR Avatar,Smoking,Japanese Text,,,,
fish,Fish,Simple,,,,,
Stabby Duck,Duck,VR Avatar,,,,,
Great Wave,Boat,Chance,,,,,
Cat in space,Purple Cat,Elp,Space,,,,
VR Champ,VR Avatar,Smoking,,,,,
Cola Cat,Purple Cat,Boat,Soda,,,,
Finn portrait,Finn,Cat,,,,,
Buddy portrait,Buddy,Dog,,,,,
Kevin portrait,Kevin,Dog,,,,,
Crying Cat,Purple Cat,Sad Cat,,,,,
Smoking floral girl,VR Avatar,Smoking,,,,,
Into the grid,VR Avatar,Smoking,,,,,
Together,VR Avatar,Cat,,,,,
"Yar, silence ye fool",Purple Cat,Pirate,,,,,
The damned stand ready,Cat,Warcraft,,,,,
MEOW,Cat,Simple,,,,,
"Peace out, girl scout",VR Avatar,,,,,,
Jar Cat,Purple Cat,Sad Cat,,,,,
Wine Cat,Wine,Cat,,,,,
Shirt :) White,Smile,Simple,,,,,
Sad Cat,Sad Cat,Cat,,,,,
Super Cringe,Cringe,Text Only,,,,,
Cartoon Girl 2,VR Avatar,Smoking,,,,,
Cartoon Girl ,VR Avatar,Smoking,,,,,
Cat of War,Cat,God of War,,,,,
Hachiroku,Car,VR Avatar,Smoking,,,,
DabChamp,Purple Cat,Risk of Rain,Rust,Ensemble,,,
sodaMad,Cat,,,,,,
Flamewrath Old,Flamewrath,Wizard,,,,,
Flamewrath Balance,Flamewrath,Wizard,,,,,
Spray Bottle Cat Light,Cat,Spray Bottle,,,,,
Meow Champ Light,Text Only,,,,,,
Cupid Heart,VR Avatar,Heart,,,,,
Smoking In Boat Watercolor ,Smoking,Boat,,,,,
Gorillaz style,Purple Cat,Japanese Text,VR Avatar,Smoking,,,
Evil B Slayer,Rust,,,,,,
Submarine and fishes,VR Avatar,Fish,,,,,
Bored in the boat,Purple Cat,VR Avatar,Boat,Smoking,Sunset,,
Buff Cat and Snake,Cat,Snake,,,,,
Graffiti ,Ensemble,,,,,,
Sunset Ghost,Sunset,Abstract,Vaporwave,,,,
Flamewrath decal style,Flamewrath,Wizard,,,,,
Orange Dinosaur,Pyah,Pokemon,,,,,
Music is my passion,Cat,,,,,,
WE WON,Pogchamp,,,,,,
Wholesome Christian Streamer,Text Only,,,,,,
Weird Pattern Cat,Purple Cat,Abstract,,,,,
Flamewrath by John Silva,Flamewrath,Wizard,,,,,
Catge,Cat,Pepe,,,,,
Rainbow Sword,Rust,,,,,,
Giraffe Costume,Purple Cat,Giraffe,,,,,
Cringemas,Christmas,Ensemble,,,,,
Ninja Cat,Cat,,,,,,
Sassy Cat,Purple Cat,,,,,,
Orange Girl,VR Avatar,,,,,,
woof!,Purple Cat,,,,,,
UNIRONICALLY,Text Only,,,,,,
Whipaloo Cat,Purple Cat,GTA,,,,,
Plane Cat,Purple Cat,,,,,,
Radioactive,VR Avatar,,,,,,
Baseball Cat,Cat,Baseball,,,,,
Dragon Cat,Cat,,,,,,
Fishing Cat,Terraria,Purple Cat,,,,,
Alley Cat 2,VR Avatar,Purple Cat,Smoking,,,,
Chillin.,VR Avatar,,,,,,
Cat with a squirrel,Cat,Squirrel,,,,,
Cat on a plate,Purple Cat,,,,,,
Big Sadge,Sadge,Text Only,,,,,
Girl in Glitch,VR Avatar,Smoking,,,,,
Cat and Girl Silhouette,VR Avatar,Purple Cat,,,,,
Portal Cat,Purple Cat,Portal,,,,,
Cliffhanger,VR Avatar,,,,,,
Ramen Cat,Cat,Food,,,,,
Soda,Sodapoppin Text,D20,Purple Cat,Japanese Text,Giraffe,Duck,Ensemble
Leprechaun Cats,Cat,,,,,,
Soy and Sass,Chance,Abstract,,,,,
AYAYA Girl,VR Avatar,,,,,,
Scared Cat,Purple Cat,,,,,,
Little Hug,VR Avatar,Purple Cat,,,,,
I Need Coffee,Chance,Coffee,,,,,
Grand Theft Catto,Cat,Ninja,,,,,
Moon Cat,Purple Cat,,,,,,
Tappy,Cat,GTA,,,,,
Fancy Tappy,Cat,GTA,,,,,
Soda Subs,Abstract,,,,,,
Scream Cat,Cat,,,,,,
Cat Burger,Cat,Food,,,,,
Dead Cat,Cat,Among Us,,,,,
Girl in front of Burger Shot,VR Avatar,Smoking,Car,GTA,,,
Angry Fake Pocket Cat,Cat,,,,,,
Donut Cat,Cat,Food,,,,,
Among Three,Among Us,,,,,,
Destroyed Cards,Pokemon,,,,,,
In The Rain,VR Avatar,Purple Cat,Vigors,Japanese Text,Raining,,
Wheelchair Drift,GTA,Japanese Text,,,,,
Wicked Girl,Wicked,VR Avatar,,,,,
Red Wine Girl,Wine,,,,,,
Buddies,Chance,Dog,Buddy,,,,
Naruto,Text Only,,,,,,
Samurai Cat,Purple Cat,,,,,,
Cathulu,Cat,,,,,,
Ufo Cat,Cat,,,,,,
Nightmares,Ensemble,,,,,,
Cat in Void,Purple Cat,Space,,,,,
VR Cat,Cat,,,,,,
Dino,Abstract,Dragon,,,,,
Smoking Girl Vaporwave,Smoking,VR Avatar,Vaporwave,,,,
Cat with a Hat,Purple Cat,,,,,,
I Live In Texas,Sodapoppin Text,Shovel,,,,,
Zagreus Cat,Cat,Hades,,,,,
Cat Things,Cat,,,,,,
Light Purple Alien,Pokemon,,,,,,
Alien Abduction,VR Avatar,Cat,,,,,
Kevin Smoking,Smoking,GTA,,,,,
You're Next,Chance,Shovel,,,,,
Hiss Snek,Wine,Snake,,,,,
Flamewrath Evolution,Flamewrath,Wizard,,,,,
Fox Mask,VR Avatar,,,,,,
Soy Hands,Chance,Hands,,,,,
Alloy Worship,Risk of Rain,Cat,,,,,
Kevin in a Wheelchair,GTA,,,,,,
I spaced out,Space,,,,,,
WICKED Snowboard,Wicked,Purple Cat,,,,,
sodaG Lines,Giraffe,Abstract,,,,,
I'm okay,Purple Cat,,,,,,
Yin Yang Cats,Cat,,,,,,
Deadly Shovels,Shovel,,,,,,
Body Painting,Chance,,,,,,
Offline Cat,Cat,,,,,,
Prankster,Pepe,Clown,,,,,
Super Effective,Wicked,Pokemon,Purple Cat,,,,
Pixel Cringe,Terraria,Cringe,,,,,
Juices,VR Avatar,Food,Purple Cat,,,,
Hades,Purple Cat,Hades,,,,,
Demon Time,Cat,,,,,,
(charity) Reckful by John Silva,Reckful,Warcraft,Charity,,,,
(charity) Reckful by John Silva (color),Reckful,Warcraft,Charity,,,,
(charity) Reckful Glaives by John Silva,Reckful,Warcraft,Charity,,,,
(charity) Reckful Duck by Deinacrida,Reckful,Duck,Charity,,,,
Frogs,Frog,,,,,,
Restart Poster,VR Avatar,Purple Cat,,,,,
Campfire,Purple Cat,,,,,,
Party Cat,Purple Cat,Wine,,,,,
Mana Potion,Warcraft,Potion,,,,,
Space Cat,Purple Cat,Space,,,,,
Respectfully,Purple Cat,Booba,,,,,
No Life,Chance,,,,,,
Fish Pog,Purple Cat,Fish,,,,,
Jester Cat,Purple Cat,,,,,,
Parasocial,Text Only,Heart,,,,,
Paint Wizard,Wizard,Chance,,,,,
Doing Things,Chance,Shovel,Boat,,,,
Ocarina Cat,Purple Cat,Legend of Zelda,,,,,
Vaporwave,Cat,Japanese Text,,,,,
Booba 1,Catperson,,,,,,
POGGERS Turtles,Text Only,TMNT,,,,,
Booba Grid,Abstract,,,,,,
Evil Guy,Flamewrath,Wizard,,,,,
Wallet in Water,Money,Chance,,,,,
Gon Cat,Purple Cat,,,,,,
Fire Mage Cat,Purple Cat,Wizard,,,,,
Frost Mage Cat,Purple Cat,Wizard,,,,,
Dark Mage Cat,Purple Cat,Wizard,,,,,
Nature Mage Cat,Purple Cat,Wizard,,,,,
Cliff Cat,Cat,Sunset,,,,,
Back to WoW,Purple Cat,Car,Warcraft,,,,
Emotions,Cat,,,,,,
Another Weeb Design,VR Avatar,Smoking,,,,,
Yin Yang Cats 2,Cat,,,,,,
Cringe Starters,Cringe,Pokemon,,,,,
Remember to Hydrate,Cat,,,,,,
Tauren Skull,Warcraft,,,,,,
Sunshine,Chance,,,,,,
Booba,Giraffe,Catperson,,,,,
Banana,Food,Purple Cat,,,,,
Squatting,VR Avatar,,,,,,
Vacation Globe,Purple Cat,,,,,,
Cable Cat,Cat,,,,,,
Mage Cats Wall Art,Purple Cat,Wizard,Elements,,,,
Juice,Purple Cat,,,,,,
Hand of Love,Hands,Heart,,,,,
Electric Guitar,VR Avatar,Sodapoppin Text,,,,,
Shovel Pose,VR Avatar,Shovel,Smoking,,,,
Caution Keep Out,VR Avatar,Catperson,Sodapoppin Text,,,,
Rose Fairy,VR Avatar,Sodapoppin Text,,,,,
Wicked SSX,Purple Cat,Wicked,,,,,
Paint Cat,Cat,,,,,,
Magical Girl,VR Avatar,Purple Cat,,,,,
Merchant,Purple Cat,Slay the Spire,,,,,
Depressed,Chance,,,,,,
Hot Gamers?,Chance,,,,,,
Malena Rant,Text Only,Malena,,,,,
I NEED SOME ELP,Purple Cat,Elp,,,,,
Vibing,Cat,,,,,,
Eat a burger,GTA,Food,,,,,
"Rich, Handsome, Talented, Me",Text Only,Simple,,,,,
Cat Mood,Purple Cat,,,,,,
Hmm,Pepe,Hmmm,,,,,
Cat Flip,Purple Cat,Wicked,,,,,
Warp,Portal,VR Avatar,,,,,
Boomer,Purple Cat,Boomer,,,,,
Onyx Blade,Dark Souls,Abstract,,,,,
Cringeface,Chance,,,,,,
Cool Smoke,Purple Cat,Smoking,,,,,
Northern Lights,VR Avatar,Vigors,,,,,
Happywave,Happythoughts,Purple Cat,Japanese Text,,,,
Wall Cat,Purple Cat,,,,,,
Rich Team,Ensemble,Money,,,,,
Angry Cat,Sodapoppin Text,Purple Cat,,,,,
FeelsFishMan,Fish,Pepe,,,,,
Lost Alien,Space,Pepe,Sadge,,,,
Fat Cat,Sad Cat,Purple Cat,Legend of Zelda,,,,
You are a loser,Purple Cat,,,,,,
Suncatcher,Abstract,,,,,,
Depressed 2,Chance,Purple Cat,,,,,
"Fat, Stupid, Ugly Potion",Warcraft,Cat,Potion,,,,
Clown Mirror,Simple,Clown,,,,,
sodaWave,Purple Cat,,,,,,
Soda Cat,Catperson,VR Avatar,Purple Cat,Japanese Text,,,
Cowboy Squirrel,Japanese Text,Squirrel,,,,,
I Main Feral,Warcraft,Cat,,,,,
Supra Girl,VR Avatar,Car,,,,,
Go Go Soda,VR Avatar,Japanese Text,Cat,,,,
LOSERZ,Ensemble,,,,,,
Summer Vibes,Sodapoppin Text,Purple Cat,,,,,
Slay The Soda,Slay the Spire,Chance,Nick,Purple Cat,,,
sodaLOSE,VR Avatar,,,,,,
Evil Dragon,Dragon,Purple Cat,,,,,
Fox with Mage Hat,Wizard,Fox,,,,,
Trip,Vigors,VR Avatar,,,,,
Unclogging Drains,Purple Cat,,,,,,
Soda Box,Catperson,VR Avatar,,,,,
Cat Girl 1,VR Avatar,Catperson,,,,,
Cat Goes Fishing,Purple Cat,Fish,,,,,
Royal Cat,Purple Cat,Money,,,,,
Big Sword,VR Avatar,Purple Cat,,,,,
Yarn,Simple,,,,,,
Dogma Cat,Cat,,,,,,
White Threads,Abstract,,,,,,
Evolution 2,Monkey,Chance,,,,,
World Buffs,Purple Cat,Warcraft,,,,,
use the shoevl.,Shovel,Pepe,Purple Cat,,,,
Evolution,Frog,Pepe,Sadge,,,,
Cat in wormhole,Cat,Space,,,,,
Pocket Wizard Cat,Wizard,Cat,,,,
Tappy burger,GTA,Cat,Burger,,,
Night Cat,Cat,,,,,,
PawgChamp,Sonic,Pogchamp,,,,,
Women,Text Only,Sodapoppin Text,,,,,
Red Dead,Red Dead,VR Avatar,,,,,
Scribbles 2,Purple Cat,Abstract,Wicked,Sodapoppin Text,,,
Cat Girl Soda,Sodapoppin Text,Catperson,,,,,
Pink Soda,Sodapoppin Text,Heart,VR Avatar,,,,,
Smoking Girl 2,Catperson,Smoking,Cat,,,,
How Did You Know?,Purple Cat,Sodapoppin Text,,,,
Copium Cat,Purple Cat,,,,,,
Balloon Cat,Cat,,,,,,
Sadge Cloud,Raining,,,,,
Sassy Kitten,Catperson,Smoking,,,,
Lil Purp Crossing,Purple Cat,Animal Crossing,,,,,
What The Duck,Duck,,,,,
Mug shot,Cat,Sodapoppin Text,,,,
Hades 2,Cat,Hades,,,,,
Cat Circle,Cat,Abstract,,,,,
Cat Knight,Purple Cat,,,,,
Cat riding a hen,Purple Cat,,,,,
Cat in a floaty,Purple Cat,,,,,
Drunk Soda,Chance,Sodapoppin Text,Wine,,,,
Spilled Soda,Soda,Sodapoppin Text,,,,,
Red Soda 2,VR Avatar,Simple,,,,,
Shutter Cat,Purple Cat,,,,,
with Cyr,Chance,Cyr,,,,,
Bazooka Girl,VR Avatar,Cat,,,,,
Afterlife,Cyberpunk,Chance,,,,,
CyberCum,Cyberpunk,Text Only,,,,,
Vibin',pepeD,,,,,
B*tch,Purple Cat,Text Only,,,,,
Curiosity,Purple Cat,Japanese Text,,,,,
Toilet Roll Warrior,Purple Cat,Toilet Roll,,,,,
Lotus Flower Cat,Purple Cat,,,,,,
Raindrops,Catperson,Raining,,,,,
Toucan,Bird,Toilet Roll,,,,,
Frozen,Cringe,,,,,,
Drinking Gamer Chad,Chance,Wine,,,,,
Rainbow Cat Jump,Purple Cat,Wicked,,,,,
